us_county,us_state,correct_county_lat,correct_county_lon,distance_to_nearest_pharmacy,nearest_pharmacy_name,nearest_pharmacy_lat,nearest_pharmacy_lon
chautauqua,kansas,37.15,-96.2454,3.636454357,SEDAN PHARMACY,37.126628,-96.186194
cascade,montana,47.3079,-111.347,12.2101688,SMITH'S,47.484698,-111.341103
hoonah-angoon,alaska,58.287,-135.6393,38.29971253,SAFEWAY,58.371063,-134.594992
flathead,montana,48.2951,-114.0497,8.032082814,PAMIDA - 127,48.370173,-114.18337
mahaska,iowa,41.3352,-92.6409,2.72382037,MAHASKA DRUG,41.296606,-92.651781
clay,nebraska,40.5244,-98.0513,11.61215518,SUTTON PHARMACY,40.607987,-97.859187
mcintosh,north dakota,46.1118,-99.4412,6.258007544,ASHLEY DRUG,46.034193,-99.373711
valley,nebraska,41.5673,-98.9819,3.636622521,GOOD LIFE HEALTH SERVICES INC,41.602642,-98.929689
shelby,iowa,41.6851,-95.3102,2.806754322,KWIK RX PHARMACY,41.646036,-95.325256
day,south dakota,45.3671,-97.6074,4.596076502,SANFORD HEALTH NETWORK,45.338373,-97.521951
yukon-koyukuk,alaska,65.5087,-151.3896,113.5013292,FRED MEYER,64.835326,-147.817391
aroostook,maine,46.6589,-68.5989,27.69582594,RITE AID - 4137,46.678237,-68.015032
rutland,vermont,43.5801,-73.0363,1.026921138,RITE AID - 1174,43.593929,-73.043858
hot springs,wyoming,43.719,-108.4422,12.68173904,VICKLUND INC,43.640281,-108.212739
tippah,mississippi,34.7684,-88.9089,3.011217923,FRED'S - 2850,34.736679,-88.945328
logan,kansas,38.9173,-101.1484,21.35105615,OAKLEY HEALTH MART PHARMACY,39.125474,-100.854071
stillwater,montana,45.669,-109.3952,7.149133217,COLUMBUS IGA PLUS,45.638848,-109.253488
pennington,south dakota,44.0037,-102.8238,15.8510874,ELLSWORTH AIR FORCE BASE - 28TH MEDICAL GROUP PHARMACY-DOD,44.147693,-103.072685
beaverhead,montana,45.1327,-112.8988,13.99956994,PAMIDA - 671,45.21611,-112.636642
penobscot,maine,45.4006,-68.6495,6.797741081,WAL-MART - 1919,45.355924,-68.524599
jones,iowa,42.1212,-91.1315,6.871214789,PHARMACY CARE CENTRE,42.101965,-91.26312
custer,south dakota,43.6776,-103.4515,9.623045876,CARSON DRUG,43.766682,-103.599816
essex,vermont,44.7275,-71.7359,9.54493339,NORTHERN COUNTIES HLTH CARE INC,44.81725,-71.884012
forrest,mississippi,31.1889,-89.2579,8.060198797,CAMP SHELBY TROOP MEDICAL CLINIC,31.209043,-89.123471
deer lodge,montana,46.0608,-113.0678,6.681141456,SAFEWAY,46.132308,-112.973788
kimball,nebraska,41.1978,-103.7149,3.856763126,"HOME OXYGEN SERVICE, LLC",41.237376,-103.662495
holmes,mississippi,33.1235,-90.0921,2.334506068,PEOPLES DRUG STORE,33.113164,-90.053663
taylor,iowa,40.7374,-94.6964,4.994190228,BEDFORD DRUG,40.66729,-94.719868
grand forks,north dakota,47.9219,-97.4569,4.344117933,GRAND FORKS AIR FORCE BASE - CLINIC PHARMACY-DOD,47.950127,-97.37297
niobrara,wyoming,43.0565,-104.4754,20.26642756,RAWHIDE DRUG COMPANY INC,42.763452,-104.452587
lincoln,maine,44.0665,-69.5434,2.442573429,"WALTZ PHARMACY, INC",44.032236,-69.531154
oktibbeha,mississippi,33.425,-88.8793,2.092259793,WAL-MART SUPERCENTER - 112,33.444559,-88.851565
scott,kansas,38.4822,-100.9069,0.084073959,LONG TERM CARE SPECIALISTS,38.483372,-100.907322
windsor,vermont,43.5799,-72.5862,4.618175625,WOODSTOCK PHARMACY,43.625043,-72.518044
franklin,vermont,44.8576,-72.9131,6.182645692,RITE AID - 10322,44.905773,-72.806571
jefferson davis,mississippi,31.5697,-89.823,3.250108003,PALACE DRUG STORE,31.599716,-89.865566
laramie,wyoming,41.307,-104.6895,10.79221193,KING SOOPERS,41.161282,-104.764698
sublette,wyoming,42.7669,-109.9147,7.529405389,PINEDALE DRUG COMPANY,42.867245,-109.856495
southeast fairbanks,alaska,63.8762,-143.213,77.2145213,FORT GREELY PHARMACY,63.972382,-145.747929
brown,kansas,39.8265,-95.5642,1.386210109,WAL-MART SUPERCENTER - 342,39.846305,-95.559912
piscataquis,maine,45.8373,-69.2846,30.05785797,HARRIS DRUG,45.458732,-69.592085
mclean,north dakota,47.6069,-101.3218,5.06076762,GARRISON MEMORIAL HOSPITAL PHARMACY,47.64864,-101.4112
weston,wyoming,43.8404,-104.5677,18.86696275,WESTON COUNTY HEALTH SERVICES,43.847875,-104.188966
cumberland,maine,43.8466,-70.3996,2.067702843,WALGREENS - 10428,43.833895,-70.437198
lake,south dakota,44.0221,-97.1294,1.098625231,MADISON COMMUNITY HOSPITAL,44.014233,-97.110167
washakie,wyoming,43.905,-107.6828,15.08778535,PAMIDA - 76,44.016402,-107.943966
washington,nebraska,41.5311,-96.222,4.321909474,BLAIR WEST PHARMACY,41.543983,-96.140165
barnes,north dakota,46.9361,-98.0716,3.238575341,"WHITE DRUG COMPANY OF JAMESTOWN, INC",46.924651,-98.004991
henry,iowa,40.988,-91.5445,0.633834165,WAL-MART SUPERCENTER - 784,40.979029,-91.54192
miner,south dakota,44.0219,-97.6102,4.229174854,RAFFERTY ROBBINS JOHNSON INC,44.010781,-97.526441
kodiak island,alaska,57.6791,-153.7992,47.91194131,UNITED STATES COAST GUARD AIR STATION KODIAK - ROCKMORE KING CLINIC,57.74134,-152.505428
nelson,north dakota,47.9217,-98.192,10.84214506,LAKOTA DRUG AND GIFT,48.041034,-98.344482
judith basin,montana,47.0454,-110.266,38.68255635,SEIDEN DRUG COMPANY INCORPORATED,47.057681,-109.443918
wheatland,montana,46.4663,-109.8446,2.006061961,WHEATLAND MEMORIAL HEALTHCARE,46.437357,-109.840912
prince of wales-hyder,alaska,55.8011,-133.0167,17.81345943,ALICIA ROBERTS MEDICAL CENTER,55.546873,-133.094629
mercer,north dakota,47.3092,-101.8315,4.022721992,BEULAH DRUG COMPANY,47.26319,-101.778808
walworth,south dakota,45.4299,-100.0315,18.33886001,TURNER DRUG,45.452802,-99.654358
norton,kansas,39.7844,-99.9035,3.165950275,MOFFET DRUG STORE,39.82892,-99.889211
knox,maine,44.141,-69.1687,3.496759335,HANNAFORD BROS CO,44.116825,-69.1067
wells,north dakota,47.5875,-99.661,17.90653818,SERVICE DRUG AND GIFT INC,47.769982,-99.934707
broadwater,montana,46.3324,-111.4955,1.378278081,TOWNSEND DRUG,46.319956,-111.518103
anchorage,alaska,61.1498,-149.1082,17.94460514,WAL-MART SUPERCENTER - 2188,61.309053,-149.534937
oxford,maine,44.4999,-70.7566,6.354821288,RITE AID - 4944,44.412331,-70.796294
grant,north dakota,46.3583,-101.6397,10.27944239,ECONOMY DRUG INC,46.404401,-101.844906
rooks,kansas,39.3502,-99.325,6.563588835,STOCKTON PHARMACY,39.43701,-99.27487
franklin,maine,44.974,-70.444,9.588508058,"RWW, INC",44.954377,-70.638304
custer,montana,46.2527,-105.5717,15.71488255,WAL-MART SUPERCENTER - 2608,46.40343,-105.818669
richland,north dakota,46.2646,-96.9483,13.54974506,HANKINSON DRUG INCORPORATED,46.071018,-96.901781
wilson,kansas,37.5593,-95.7434,4.92364489,FREDONIA PHARMACY,37.533484,-95.82724
johnson,kansas,38.8838,-94.8223,0.669045267,MEDICINE STORE,38.883032,-94.809891
perkins,nebraska,40.851,-101.6497,4.014293411,"GRANT PHARMACY, INC",40.8413,-101.72548
ziebach,south dakota,44.9804,-101.6658,18.39837644,VILAS HEALTH AND VARIETY,45.022933,-102.037823
treasure,montana,46.2115,-107.2716,28.61473867,YELLOWSTONE HEALTH MART PHARMACY,46.266421,-106.677688
haines,alaska,59.1186,-135.5007,8.207568163,SOUTHEAST ALASKA REGIONAL HEALTH CONSORTIUM - HAINES HEALTH CENTER,59.233976,-135.444848
clarke,iowa,41.029,-93.7852,0.271662322,PAMIDA - 295,41.028749,-93.779995
mitchell,iowa,43.3564,-92.789,4.711535822,SMART PHARMACY,43.289615,-92.808256
hamilton,iowa,42.3838,-93.7068,6.241636724,FAMILY PHARMACY,42.307951,-93.640255
orleans,vermont,44.829,-72.2436,2.326205808,AUSTIN'S DRUG STORE,44.810662,-72.203755
kenai peninsula,alaska,60.2654,-151.5651,22.65406807,SAFEWAY,60.484302,-151.070669
dallas,iowa,41.6849,-94.0398,4.063920028,THE MEDICAP PHARMACY,41.683931,-93.960998
powell,montana,46.8564,-112.9361,32.72332064,SAFEWAY,46.403182,-112.73425
pierce,north dakota,48.2496,-99.9718,7.907500521,GOOD SAMARITAN HOSPITAL ASSOCIATION,48.362938,-99.99654
dawson,nebraska,40.8699,-99.8196,7.471474485,U-SAVE PHARMACY,40.779058,-99.741896
powder river,montana,45.395,-105.6302,11.28283779,LARRY'S IGA,45.442707,-105.407534
johnson,nebraska,40.3926,-96.2651,4.017726296,GREEN RIVER ASSOCIATES INC,40.367648,-96.196091
northwest arctic,alaska,67.0598,-159.7062,78.58528276,MANIILAQ HEALTH CENTER,66.89598,-162.586452
hayes,nebraska,40.5248,-101.0619,30.53079035,ADAMS DRUG INC,40.516264,-101.643483
converse,wyoming,42.9723,-105.5072,17.19735866,SAFEWAY INC,42.746078,-105.365025
hand,south dakota,44.5478,-99.0049,2.236723898,MILLER REXALL DRUG,44.517457,-98.988983
gray,kansas,37.7382,-100.4379,6.785139253,COAST HEALTH SERVICES,37.806665,-100.348715
ida,iowa,42.3869,-95.5135,3.259586955,LEWIS FAMILY DRUG,42.351476,-95.471261
bristol bay,alaska,58.7431,-156.7015,67.8174283,BRISTOL BAY AREA HEALTH CORPORATION,59.000107,-158.535372
burke,north dakota,48.791,-102.5182,21.40207426,KENMARE DRUG,48.671891,-102.084332
mccone,montana,47.6452,-105.7954,31.71222623,CHIEF REDSTONE HEALTH CLINIC,48.093769,-105.648285
platte,nebraska,41.5713,-97.5211,10.73243285,TOOLEY'S VITAL CARE PHARMACY,41.454735,-97.383772
york,maine,43.4782,-70.7144,3.349892751,JUNE STREET PHARMACY,43.448395,-70.767145
boone,nebraska,41.7068,-98.0672,3.566111036,BOONE COUNTY HEALTH CENTER,41.683276,-98.005621
franklin,kansas,38.5645,-95.2859,1.640039534,WAL-MART SUPERCENTER - 382,38.581224,-95.264325
lincoln,wyoming,42.264,-110.656,32.83900462,"HNA, INC",41.796398,-110.538952
decatur,kansas,39.7847,-100.4599,4.389201949,WARD DRUG STORE,39.819994,-100.528721
mccook,south dakota,43.6743,-97.3685,10.87057497,HERITAGE PHARMACY,43.549963,-97.501896
wichita,kansas,38.4821,-101.3474,21.89048972,DIXON DRUG,38.469527,-101.75206
somerset,maine,45.5139,-69.9589,18.16007377,HARRIS DRUG,45.458732,-69.592085
lyman,south dakota,43.8958,-99.8474,10.54369816,REMEDY SHOPPE,43.90163,-100.059172
beadle,south dakota,44.4145,-98.2781,5.499665754,KMART,44.342521,-98.230373
androscoggin,maine,44.1658,-70.2065,3.000771034,KMART,44.123973,-70.222951
hancock,maine,44.6647,-68.3584,9.346806323,SHAW'S OSCO PHARMACY - 7557,44.535105,-68.413349
windham,vermont,42.9906,-72.7139,4.641389975,MESSENGER VALLEY PHARMACY,43.048576,-72.667363
harding,south dakota,45.5803,-103.4958,41.8657651,"THE BOWMAN DRUG COMPANY, PC",46.182545,-103.394583
clay,iowa,43.0826,-95.1509,2.936838967,WAL-MART SUPERCENTER - 2714,43.125119,-95.152498
greeley,nebraska,41.5674,-98.5212,11.6842915,NORTHEAST NEBRASKA PHARMACY,41.68906,-98.363831
boone,iowa,42.0365,-93.9316,2.533808502,WAL-MART - 1389,42.035845,-93.882198
attala,mississippi,33.0863,-89.5815,1.456008383,CVS - 5883,33.06645,-89.589995
bennington,vermont,43.0354,-73.0932,9.579779596,THE PHARMACY - NORTHSHIRE,43.172478,-73.063818
montgomery,mississippi,33.4941,-89.6164,4.553705859,KILMICHAEL DRUGS INC,33.438781,-89.573353
woodson,kansas,37.8867,-95.7401,0.531889649,YATES CENTER PHARMACY,37.881087,-95.733415
hamlin,south dakota,44.6738,-97.1883,15.41925808,SHOPKO,44.889359,-97.10607
sioux,iowa,43.0826,-96.1779,0.403387717,LEWIS FAMILY DRUG,43.076922,-96.176016
denali,alaska,63.6714,-150.0118,103.8632863,FRED MEYER,64.835326,-147.817391
sanborn,south dakota,44.0234,-98.0913,20.66963171,SHOPKO,43.728017,-98.0238
bethel,alaska,60.9132,-159.8186,66.61132163,YUKON-KUSKOKWIM DELTA REGIONAL HOSPITAL PHARMACY,60.784278,-161.781443
wibaux,montana,46.9653,-104.249,11.94149499,BEACH PHARMACY,46.917002,-104.005761
dodge,nebraska,41.5779,-96.654,6.113339169,SCRIBNER PHARMACY,41.666039,-96.665275
bremer,iowa,42.7746,-92.3181,7.451357842,MARTIN HEALTH SERVICES,42.667656,-92.337811
teton,wyoming,43.9346,-110.5898,29.80869073,CORNER DRUG,43.722902,-111.111363
foster,north dakota,47.4571,-98.883,10.97808839,CARRINGTON DRUG INC,47.44981,-99.117892
minnehaha,south dakota,43.6742,-96.7915,6.011392667,CIGNA TELE-DRUG HOME DELIVERY PHARMACY,43.601189,-96.725963
aleutians east,alaska,55.3669,-161.9805,281.9537797,BRISTOL BAY AREA HEALTH CORPORATION,59.000107,-158.535372
nome,alaska,64.9111,-164.0274,49.51111058,NORTON SOUND HEALTH CORPORATION,64.50221,-165.406233
walsh,north dakota,48.3695,-97.7213,2.410701852,YE OLDE MEDICINE CENTER,48.398583,-97.750389
rawlins,kansas,39.7852,-101.0765,2.369523974,CURRIER DRUG INCORPORATED,39.806256,-101.041229
big horn,montana,45.4234,-107.4898,9.681856405,LODGE GRASS HEALTH CENTER PHARMACY,45.310548,-107.371332
yankton,south dakota,43.009,-97.3948,7.030361575,WAL-MART SUPERCENTER - 1483,42.90728,-97.401043
billings,north dakota,47.0236,-103.3763,28.73303808,N D PHARMACY,46.903006,-102.792692
rosebud,montana,46.2297,-106.7307,3.582623294,YELLOWSTONE HEALTH MART PHARMACY,46.266421,-106.677688
mckenzie,north dakota,47.7402,-103.3953,6.706075588,JACKSON DODDS INC,47.801758,-103.28352
kusilvak,alaska,62.1547,-163.3812,108.3272097,YUKON-KUSKOKWIM DELTA REGIONAL HOSPITAL PHARMACY,60.784278,-161.781443
sully,south dakota,44.7156,-100.1322,22.20158025,VILAS PHARMACY,45.011687,-99.955263
chugach,alaska,60.7233,-145.7583,12.58117471,CORDOVA COMMUNITY MEDICAL CENTER,60.541122,-145.750669
campbell,wyoming,44.2482,-105.5482,2.934941216,THE MEDICAP PHARMACY,44.269357,-105.496722
comanche,kansas,37.1913,-99.2718,6.218166957,MAIN STREET PHARMACY,37.269695,-99.327473
sac,iowa,42.3862,-95.1054,6.189201091,COMMUNITY PHARMACY,42.309905,-95.041729
amite,mississippi,31.1744,-90.8044,12.34324225,GLOSTER PHARMACY,31.198662,-91.011436
lamoille,vermont,44.607,-72.6419,3.241679109,HANNAFORD,44.572778,-72.596765
lee,mississippi,34.2899,-88.6804,2.025023174,SAM'S CLUB - 6329,34.305854,-88.71019
washington,maine,45.0307,-67.6287,12.79745424,INDIAN TOWNSHIP HEALTH CENTER,45.216021,-67.633255
frontier,nebraska,40.5301,-100.3942,20.8196359,PONIDAY LLC,40.283361,-100.166569
goshen,wyoming,42.0879,-104.3533,8.348720101,"COMMUNITY DRUG, INC",42.066741,-104.192906
grenada,mississippi,33.7699,-89.802,0.319318969,WALGREENS - 12269,33.768413,-89.807268
sherman,nebraska,41.2206,-98.9762,3.790954023,GOOD LIFE HEALTH SERVICES INC,41.275014,-98.966452
fallon,montana,46.334,-104.4174,7.136111502,BAKER DRUG,46.367662,-104.275828
kennebec,maine,44.4091,-69.7673,4.687370801,WAL-MART SUPERCENTER - 2046,44.343156,-69.789869
knox,nebraska,42.6368,-97.8919,8.162123949,"NAGENGAST PHARMACIES, INC",42.59154,-98.040293
sweetwater,wyoming,41.6595,-108.8796,18.25455549,ROCK SPRINGS IV CENTER,41.584812,-109.218868
crawford,kansas,37.5073,-94.8518,0.497785515,MATHIS DRUG STORE,37.51407,-94.848675
carter,montana,45.5168,-104.5362,42.49174001,LARRY'S IGA,45.442707,-105.407534
union,iowa,41.0277,-94.2424,6.904380884,WAL-MART SUPERCENTER - 1435,41.045412,-94.372876
montgomery,kansas,37.1925,-95.7429,2.084917293,WAL-MART SUPERCENTER - 2893,37.222693,-95.743469
nemaha,nebraska,40.3876,-95.8498,0.268477544,FAMILY VALUE PHARMACY,40.390111,-95.853698
sagadahoc,maine,43.9598,-69.8546,3.749186046,CVS STATE CAPITAL LLC,43.909198,-69.827248
antelope,nebraska,42.1769,-98.0667,3.475208712,HILLTOP DRUGS ETC,42.135088,-98.028903
keya paha,nebraska,42.8789,-99.7124,22.76275148,ROCK COUNTY CLINIC PHARMACY,42.575485,-99.536863
greene,iowa,42.0363,-94.3968,1.463183159,GREENE COUNTY MEDICAL CENTER,42.015919,-94.388985
hutchinson,south dakota,43.3349,-97.7544,12.34092342,THE MEDICINE SHOPPE PHARMACY,43.394426,-97.986221
greenwood,kansas,37.8778,-96.2326,4.371973653,EUREKA PHARMACY,37.835602,-96.292394
o'brien,iowa,43.0838,-95.6249,7.857945593,BARAMA DRUG,42.979746,-95.687966
pottawatomie,kansas,39.379,-96.3424,3.848140051,HOFFMAN PHARMACY,39.393215,-96.412126
butte,south dakota,44.9058,-103.5079,23.06511421,PAMIDA STORES OPERATING CO LLC,44.678795,-103.853245
scott,mississippi,32.4064,-89.5376,4.043766689,CVS - 5846,32.377021,-89.477599
pocahontas,iowa,42.7342,-94.6787,0.143531297,POCAHONTAS PHARMACY INCORPORATED,42.732274,-94.679765
polk,iowa,41.6854,-93.5734,1.23754463,WALGREENS - 7996,41.70216,-93.581908
daniels,montana,48.7838,-105.5485,5.828940714,SERVICE DRUG,48.791616,-105.420915
sargent,north dakota,46.1078,-97.6306,0.25818809,FORMAN DRUG,46.107589,-97.635985
wapello,iowa,41.0306,-92.4095,0.529823118,HY-VEE DRUGSTORE,41.026566,-92.400847
addison,vermont,44.0309,-73.1408,1.779644564,MARBLE WORKS PHARMACY,44.015593,-73.16964
marion,mississippi,31.2308,-89.8224,0.61276987,WINN-DIXIE - 1534,31.239657,-89.821741
hanson,south dakota,43.6748,-97.7873,11.13012511,WAL-MART SUPERCENTER - 2990,43.684923,-98.009756
lake and peninsula,alaska,58.6548,-156.1891,87.17171155,BRISTOL BAY AREA HEALTH CORPORATION,59.000107,-158.535372
kiowa,kansas,37.5582,-99.2861,20.04869179,MAIN STREET PHARMACY,37.269695,-99.327473
johnson,wyoming,44.0388,-106.5847,22.15076177,BUFFALO PRESCRIPTION SHOP,44.347985,-106.704086
grand isle,vermont,44.7981,-73.2948,9.9655083,KINNEY DRUGS,44.709799,-73.455573
liberty,montana,48.5617,-111.0246,4.329232688,LIBERTY HEALTH MART PHARMACY,48.51302,-110.964916
wright,iowa,42.7331,-93.7352,0.103422556,CLARION PHARMACY,42.733047,-93.733162
sheridan,north dakota,47.5755,-100.3456,23.35065544,SERVICE DRUG AND GIFT INC,47.769982,-99.934707
republic,kansas,39.8278,-97.6506,1.062976868,ARBUTHNOT DRUG COMPANY,39.823636,-97.631301
fillmore,nebraska,40.5247,-97.5965,0.156909795,FILLMORE COUNTY HOSPITAL,40.52673,-97.595156
grant,nebraska,41.915,-101.7406,54.24269925,SAFEWAY INC,41.129545,-101.719679
platte,wyoming,42.1331,-104.9659,4.825982126,PAMIDA STORES OPERATING CO LLC,42.063226,-104.963539
dickinson,kansas,38.8665,-97.1527,4.809870755,PATTERSON HEALTH CARE PHARMACY,38.917104,-97.214211
harlan,nebraska,40.1765,-99.4046,13.54589659,PONIDAY LLC,40.257589,-99.638552
tripp,south dakota,43.3459,-99.8839,2.8174001,PAMIDA STORES OPERATING CO LLC,43.373422,-99.842464
corson,south dakota,45.7086,-101.1969,19.96686549,MCLAUGHLIN INDIAN HEALTH SERVICE,45.80923,-100.808308
davison,south dakota,43.6747,-98.146,6.48129801,KMART,43.697182,-98.019968
wheeler,nebraska,41.9148,-98.5282,17.734269,NORTHEAST NEBRASKA PHARMACY,41.68906,-98.363831
franklin,nebraska,40.1763,-98.9528,5.144340807,NADENS PHARMACY,40.10183,-98.955864
adams,nebraska,40.5245,-98.5012,6.530912915,SUN MART FOODS,40.573179,-98.394467
north slope,alaska,69.3119,-153.4813,156.7953287,SAMUEL SIMMONDS MEMORIAL HOSPITAL,71.293042,-156.778947
tunica,mississippi,34.6507,-90.375,2.413065235,TUNICA QUALITY DRUGS,34.685649,-90.375074
union,south dakota,42.8325,-96.656,4.92102713,THORSON DRUG,42.828995,-96.558932
ketchikan gateway,alaska,55.5852,-130.9282,32.36668115,UNITED STATES COAST GUARD INTEGRATED SUPPORT COMMAND KETCHIKAN HEALTH CLINIC,55.333639,-131.625855
rock,nebraska,42.4213,-99.4499,11.52953107,ROCK COUNTY CLINIC PHARMACY,42.575485,-99.536863
lewis and clark,montana,47.1224,-112.3905,37.35237548,VETERANS AFFAIRS MONTANA HEALTH CARE SYSTEM,46.618649,-112.102003
washington,vermont,44.2736,-72.6147,2.165984569,RITE AID - 4581,44.258961,-72.575955
petersburg,alaska,57.1204,-132.934,21.24316906,PETERSBURG REXALL DRUG,56.812921,-132.953903
emmet,iowa,43.3781,-94.6785,7.736091184,HY-VEE,43.402543,-94.82897
campbell,south dakota,45.7712,-100.0516,20.77970614,VILAS PHARMACY,45.769243,-99.620151
sunflower,mississippi,33.6023,-90.5886,8.790959435,SPENCER'S DRUG,33.725984,-90.552294
dunn,north dakota,47.3568,-102.6182,6.303998491,KILLDEER PHARMACY INCORPORATED,47.369917,-102.751596
barber,kansas,37.2289,-98.6848,6.831142111,HIBBARD'S PRESCRIPTIONS PLUS,37.280817,-98.578988
hancock,mississippi,30.4165,-89.489,2.836039571,KILN PHARMACY,30.406736,-89.442737
potter,south dakota,45.0645,-99.9572,3.647709929,VILAS PHARMACY,45.011687,-99.955263
carroll,mississippi,33.4485,-89.9202,4.785325452,ANDERSONS PHARMACY,33.517804,-89.919412
oliver,north dakota,47.1153,-101.3403,18.23018443,NEW SALEM PHARMACY INCORPORATED,46.85696,-101.420237
harper,kansas,37.1916,-98.0755,3.648772663,IRWIN-POTTER DRUG MEDICAL LAB,37.151917,-98.031702
douglas,kansas,38.8847,-95.2926,3.220065174,SUPERTARGET,38.925763,-95.264188
boyd,nebraska,42.8997,-98.7665,3.674612908,SPENCER PHARMACY,42.87556,-98.701765
ravalli,montana,46.0817,-114.1207,11.52354339,HAMILTON PHARMACY AND GIFTS,46.24672,-114.156753
winnebago,iowa,43.3776,-93.7342,9.014517462,MILLER PHARMACY,43.272266,-93.628162
fremont,wyoming,43.0405,-108.6304,8.280098401,ARAPAHOE HEALTH CENTER,42.985365,-108.484753
jackson,mississippi,30.5425,-88.6358,3.453885571,BURNHAM DRUGS,30.523937,-88.68973
chittenden,vermont,44.4611,-73.0813,1.44054608,WILCOX MEDICAL,44.446719,-73.102476
stone,mississippi,30.79,-89.1177,4.15045579,WAL-MART SUPERCENTER - 3528,30.845568,-89.144397
rice,kansas,38.3472,-98.201,1.003844066,PAMIDA - 670,38.346823,-98.219532
logan,north dakota,46.4574,-99.4774,14.23893947,WISHEK DRUG,46.2587,-99.55739
osceola,iowa,43.3786,-95.6237,6.192202604,PARK PHARMACY,43.402383,-95.742695
phillips,montana,48.2592,-107.9133,7.160938549,VALLEY DRUG COMPANY OF MALTA INCORPORATED,48.359188,-107.87188
grant,south dakota,45.1719,-96.7677,7.247966165,"LIEBE DRUG, INC",45.221308,-96.636264
roberts,south dakota,45.6296,-96.9461,3.880297961,SISSETON INDIAN HOSPITAL PHARMACY,45.656795,-97.016447
pearl river,mississippi,30.7688,-89.5896,5.846397019,BOONE'S PHARMACY,30.837673,-89.532252
seward,nebraska,40.8724,-97.1395,2.143083459,WAL-MART SUPERCENTER - 885,40.876662,-97.09884
chase,kansas,38.302,-96.594,21.91834135,WALGREENS - 11167,38.416439,-96.216381
ness,kansas,38.4794,-99.9162,1.942198652,G AND L HEALTH MART PHARMACY,38.452572,-99.905399
divide,north dakota,48.8149,-103.4872,11.13039525,J CO DRUG,48.914381,-103.294375
aleutians west,alaska,52.7985,-106.5633,281.1027961,SERVICE DRUG,48.791616,-105.420915
dillingham,alaska,59.8003,-158.2346,56.25157048,BRISTOL BAY AREA HEALTH CORPORATION,59.000107,-158.535372
saline,kansas,38.7838,-97.65,1.879262151,WAL-MART SUPERCENTER - 558,38.78547,-97.615149
traill,north dakota,47.4542,-97.1616,5.825700065,"HILLSBORO REXALL DRUG, INC",47.403604,-97.06179
prairie,montana,46.8605,-105.378,35.09031311,ALBERTSONS-OSCO - 2023,47.108565,-104.727788
caledonia,vermont,44.4647,-72.1022,4.427144731,KINNEY DRUGS,44.44594,-72.016302
logan,nebraska,41.5666,-100.4827,33.04979634,RX EXPRESS,41.136884,-100.763618
ramsey,north dakota,48.2689,-98.7201,12.21326363,CLINIC PHARMACY INC,48.11508,-98.85112
natrona,wyoming,42.9622,-106.7986,23.67504379,WAL-MART SUPERCENTER - 3778,42.816817,-106.374743
warren,mississippi,32.3573,-90.852,0.986583136,RITE AID - 7400,32.347401,-90.864198
benton,mississippi,34.8173,-89.1885,0.778500554,ASHLAND DRUG / CENTRAL PHARMACY,34.828513,-89.189941
chickasaw,iowa,43.0601,-92.3177,0.172999376,TOMâ€™S FAMILY PHARMACY,43.059146,-92.314529
mellette,south dakota,43.5813,-100.76,0.953103874,RANCHLAND DRUG,43.570153,-100.748761
sioux,north dakota,46.1127,-101.0404,19.77222048,STANDING ROCK INDIAN HEALTH SERVICES HOSPITAL,46.095205,-100.628154
kidder,north dakota,46.9801,-99.7801,32.95785658,NAPOLEON DRUG INC,46.502796,-99.771881
griggs,north dakota,47.4573,-98.237,5.350416554,ALMKLOV'S PHARMACY,47.444298,-98.12403
washington,iowa,41.3356,-91.7179,2.884190464,HY-VEE,41.29472,-91.706465
cherry,nebraska,42.545,-101.1186,36.71209595,VALENTINE CLINIC PHARMACY,42.874099,-100.550246
jackson,south dakota,43.6943,-101.6281,9.142837064,WANBLEE INDIAN HEALTH CENTER,43.563831,-101.659373
allamakee,iowa,43.2843,-91.3781,5.058403104,HARTIG DRUG,43.269432,-91.476634
dawes,nebraska,42.7197,-103.1354,9.378705729,WAL-MART SUPERCENTER - 2579,42.827096,-103.022098
blaine,montana,48.4327,-108.9586,9.599003259,LITTLE RIVER HEALTH CENTER PHARMACY,48.482454,-108.762849
greene,mississippi,31.2142,-88.6392,6.908065626,HUFF PHARMACY INC,31.149263,-88.550232
cedar,nebraska,42.5993,-97.2524,1.691503597,STEFFEN DRUG,42.621975,-97.265002
montgomery,iowa,41.0301,-95.1564,3.091039286,RED OAK PHARMACY,41.027627,-95.215654
nuckolls,nebraska,40.1764,-98.0472,10.80242518,PAMIDA - 155,40.020029,-98.053875
garfield,nebraska,41.9144,-98.9914,11.75107163,BURWELL PHARMACY,41.782377,-99.135585
steele,north dakota,47.4562,-97.7246,18.66764749,ALMKLOV'S PHARMACY,47.444298,-98.12403
garfield,montana,47.2776,-106.9929,65.131526,5TH AVENUE PHARMACY AND GIFT,48.189778,-106.635495
deuel,south dakota,44.76,-96.668,0.795178834,DEUEL COUNTY PHARMACY,44.755334,-96.682828
doniphan,kansas,39.7881,-95.1468,15.53207146,THE APOTHECARY PHARMACY,39.777361,-94.854405
douglas,nebraska,41.2953,-96.1543,0.231307158,WALGREENS - 6802,41.292938,-96.157462
crook,wyoming,44.5885,-104.5699,35.50084607,SAFEWAY INC,44.499776,-103.859293
perkins,south dakota,45.4905,-102.4757,36.07837698,"WHITE DRUG COMPANY OF JAMESTOWN, INC",46.000855,-102.636414
quitman,mississippi,34.2514,-90.2891,0.801192538,FREDS PHARMACY OF QUITMAN LLC INC,34.246626,-90.276305
washington,kansas,39.7842,-97.0875,3.023260867,WASHINGTON HEALTH MART PHARMACY,39.818194,-97.051577
haskell,kansas,37.5622,-100.8712,10.70243691,SATANTA PHARMACY,37.437103,-100.98657
sheridan,wyoming,44.79,-106.8792,3.059009159,WAL-MART SUPERCENTER - 1508,44.779432,-106.93982
kingman,kansas,37.5589,-98.1363,5.960947133,KINGMAN DRUG HEALTH MART PHARMACY,37.643346,-98.113636
tama,iowa,42.0798,-92.5326,6.972020836,THE MEDICAP PHARMACY,41.985128,-92.579888
hettinger,north dakota,46.4325,-102.4603,7.558880674,MOTT DRUG STORE INC,46.372641,-102.327375
dundy,nebraska,40.1762,-101.6879,12.0231484,LARIMER INC,40.048431,-101.533199
butler,iowa,42.7316,-92.7902,1.50648898,ALLISON PHARMACY,42.753071,-92.795484
aurora,south dakota,43.718,-98.5615,21.70853155,PRAIRIE HEALTH CLINIC AND PRAIRIE PHARMACY,43.424026,-98.407599
copper river,alaska,61.8855,-143.97,53.20116559,CROSS ROAD MEDICAL CENTER,62.108829,-145.540716
kearny,kansas,38.0003,-101.3199,5.250658081,J AND J HEALTH MART PHARMACY,37.946878,-101.251243
richland,montana,47.7879,-104.5614,18.71353196,SIDNEY HEALTH CENTER / THE CLINIC PHARMACY,47.715088,-104.173104
holt,nebraska,42.4557,-98.7838,6.869704176,LYDMAC INC,42.457393,-98.648963
meagher,montana,46.5982,-110.8857,3.528020299,CASTLE MOUNTAIN DRUG,46.548404,-110.902368
hyde,south dakota,44.5473,-99.4871,24.60330765,MILLER REXALL DRUG,44.517457,-98.988983
walthall,mississippi,31.1484,-90.1061,2.581460442,FRED'S - 3070,31.131473,-90.145049
worth,iowa,43.3774,-93.2609,5.115865739,VERHELST DRUG CENTER,43.444924,-93.218909
park,montana,45.4884,-110.5267,10.8820372,ALBERTSONS-OSCO - 2042,45.642237,-110.575647
harrison,mississippi,30.5122,-89.116,3.229038712,"T-D PHARMACY, INCORPORATED",30.467114,-89.10158
fayette,iowa,42.8626,-91.8444,2.541539463,SCOTT PHARMACY INCORPORATED,42.84234,-91.802479
blaine,nebraska,41.9128,-99.9767,38.83986183,PAMIDA - 233,41.403117,-99.658095
phillips,kansas,39.7846,-99.347,2.257055814,WITMER REXALL DRUGS,39.756674,-99.324892
red willow,nebraska,40.1758,-100.4769,8.040291754,FARRELL'S PHARMACY INC,40.198328,-100.626453
cavalier,north dakota,48.7723,-98.4648,27.11448188,"WALHALLA PRESCRIPTION SHOP, INC",48.922949,-97.913695
yellowstone,montana,45.9373,-108.2744,11.91273176,WAL-MART SUPERCENTER - 2923,45.828952,-108.467286
gregory,south dakota,43.1924,-99.1856,5.510156574,BURKE COMMUNITY PHARMACY,43.181651,-99.294056
linn,kansas,38.2123,-94.843,5.053119555,AUBURN PHARMACY,38.142175,-94.816358
york,nebraska,40.8727,-97.5971,0.568851379,MBC PHARMACY INC,40.880446,-97.593388
uinta,wyoming,41.2876,-110.5476,10.98237957,PAMIDA - 688,41.282114,-110.336051
copiah,mississippi,31.8693,-90.4488,2.557676803,WAL-MART SUPERCENTER - 954,31.872677,-90.405362
des moines,iowa,40.9232,-91.1815,5.900745139,CARRUTHERS HEALTH MART PHARMACY,41.007652,-91.164151
cherokee,iowa,42.7356,-95.6238,3.785440231,CHEROKEE MAIN STREET PHARMACY,42.749964,-95.551755
howard,nebraska,41.22,-98.5171,3.135609226,SWINARSKI PHARMACY,41.21364,-98.457322
douglas,south dakota,43.3869,-98.3661,3.278607218,AVERA CORSICA PHARMACY,43.42343,-98.407858
prentiss,mississippi,34.6183,-88.5201,2.785809729,TIMBER HILLS REGION IV PHARMACY,34.657357,-88.532404
smith,mississippi,32.0177,-89.5067,1.44846815,LITTLE'S PHARMACY,32.033802,-89.522561
faulk,south dakota,45.071,-99.1453,2.714803566,FAULKTON PHARMACY INC,45.034496,-99.124619
morrill,nebraska,41.716,-103.0105,5.377428708,SONNY'S SUPER FOODS,41.673602,-103.097993
waldo,maine,44.5026,-69.1453,8.129809317,"WALTZ PHARMACY, INC",44.423803,-69.022708
clay,south dakota,42.9146,-96.9756,8.720057263,WAL-MART SUPERCENTER - 3734,42.791669,-96.936104
neshoba,mississippi,32.7535,-89.1176,0.747513844,NESHOBA COUNTY GENERAL HOSPITAL,32.757233,-89.105516
audubon,iowa,41.6846,-94.9058,2.873139248,MEDICAP PHARMACY,41.721233,-94.932238
keith,nebraska,41.1988,-101.6615,5.657741368,SAFEWAY INC,41.129545,-101.719679
buffalo,nebraska,40.8552,-99.075,8.896631344,WAL-MART SUPERCENTER - 598,40.726428,-99.081005
glacier,montana,48.7051,-112.9947,9.692620515,BLACKFEET INDIAN HOSPITAL,48.565687,-113.0196
todd,south dakota,43.1934,-100.7184,7.953555825,ROSEBUD COMPREHENSIVE HEALTH CENTER,43.25667,-100.850507
silver bow,montana,45.9024,-112.6567,8.199930219,WAL-MART SUPERCENTER - 1901,45.963799,-112.510533
carbon,wyoming,41.6944,-106.9305,16.05352828,PAMIDA - 126,41.791066,-107.213905
lake,montana,47.6459,-114.0894,3.155967055,WAL-MART - 2607,47.686094,-114.121719
williams,north dakota,48.3437,-103.4802,13.80125838,ND HEALTH MART PHARMACY - 1,48.167663,-103.622416
issaquena,mississippi,32.7414,-90.9892,11.51680275,LOUIS LEONARD MINSKY INC,32.805916,-91.17214
labette,kansas,37.1913,-95.2976,9.148919444,BOWEN PHARMACY SOUTH,37.321121,-95.264255
jerauld,south dakota,44.0663,-98.6297,3.429194926,AVERA WESKOTA MEM MED CNTR,44.08009,-98.563289
orange,vermont,44.0056,-72.3768,12.89053109,KINNEY DRUGS,43.9807,-72.119609
dixon,nebraska,42.4931,-96.8677,12.11728412,PATEFIELD ENTERPRISES INC,42.429377,-97.089352
hancock,iowa,43.0819,-93.7343,3.585733044,FEDDERS HEALTH MART PHARMACY,43.097363,-93.802188
clay,kansas,39.3497,-97.1652,2.714453559,PATTERSON HEALTH MART PHARMACY,39.376012,-97.127418
marion,iowa,41.3344,-93.0994,0.712780824,HY-VEE,41.3258,-93.107005
clay,mississippi,33.6557,-88.7816,7.405584123,"WEST POINT MEDICAL CENTER PHARMACY, INC",33.618946,-88.660572
stutsman,north dakota,46.9793,-98.9588,12.70622827,WALZ PHARMACY,46.910114,-98.709018
fairbanks north star,alaska,64.8078,-146.5654,17.84693211,EIELSON AIR FORCE BASE CLINIC - 354TH MEDICAL GROUP-DOD,64.673748,-147.083324
linn,iowa,42.079,-91.599,3.065617744,HY-VEE,42.04617,-91.639264
codington,south dakota,44.9779,-97.1886,5.678853324,PRAIRIE LAKES CAMPUS PHARMACY,44.911135,-97.120736
lancaster,nebraska,40.7842,-96.6878,0.672753434,WALGREENS - 1430,40.791439,-96.696414
sheridan,montana,48.7212,-104.5047,39.79786848,CULBERTSON PHARMACY,48.144858,-104.517329
palo alto,iowa,43.0821,-94.6781,2.045952283,HUGHES HEALTH MART PHARMACY,43.111708,-94.679735
fergus,montana,47.2636,-109.2245,15.85751245,PAMIDA - 264,47.068837,-109.403529
washington,mississippi,33.2839,-90.9474,7.904026255,KROGER,33.369809,-91.037951
union,mississippi,34.4905,-89.0038,0.475487845,FRED'S - 2410,34.493701,-89.011198
towner,north dakota,48.6855,-99.2457,13.38272172,TOWNER COUNTY MEDICAL CENTER,48.493066,-99.210651
hughes,south dakota,44.389,-99.996,15.58205566,WAL-MART SUPERCENTER - 1685,44.380291,-100.31155
brookings,south dakota,44.3697,-96.7904,3.993420968,DAKOTA COMPOUNDING PHARMACY,44.312127,-96.798129
ransom,north dakota,46.4562,-97.6574,1.483482875,SOUTHEAST DAKOTA PHARMACIES INC,46.442216,-97.681075
dakota,nebraska,42.3911,-96.5646,8.478645276,REDLERS LONG TERM CARE PHARMACY,42.502689,-96.495136
valley,montana,48.3653,-106.6675,11.51520281,PAMIDA - 190,48.199624,-106.638741
lafayette,mississippi,34.3568,-89.485,1.162650237,KROGER,34.363506,-89.503711
story,iowa,42.0362,-93.465,1.238307538,NUCARA PHARMACY NEVADA,42.020813,-93.452596
butler,nebraska,41.2261,-97.1318,1.512842702,BUTLER COUNTY PHARMACY,41.246836,-97.122387
thurston,nebraska,42.1582,-96.544,6.355578249,WINNEBAGO PUBLIC HEALTH SERVICE HOSPITAL PHARMACY,42.232496,-96.470648
brown,south dakota,45.5898,-98.3516,9.843536692,UNITED CLINIC PHARMACY,45.463203,-98.445183
coffey,kansas,38.2369,-95.7341,2.075741706,PRESCRIPTION CENTRE,38.206938,-95.737242
gage,nebraska,40.2619,-96.6894,1.306345999,BEATRICE STATE DEVELOPMENTAL CENTER,40.273109,-96.709376
albany,wyoming,41.6545,-105.7238,24.12649691,KMART,41.318761,-105.594506
rankin,mississippi,32.2641,-89.9458,2.613246923,BRANDON DISCOUNT DRUGS,32.274281,-89.988912
buena vista,iowa,42.7355,-95.1511,5.461133419,WAL-MART SUPERCENTER - 1526,42.664003,-95.197127
finney,kansas,38.0443,-100.737,6.734334232,WAL-MART SUPERCENTER - 652,37.986306,-100.836538
lincoln,kansas,39.0453,-98.2077,3.083864146,LINCOLN COUNTY PHARMACY,39.0406,-98.150512
atchison,kansas,39.5318,-95.3135,9.830228688,WAL-MART SUPERCENTER - 1054,39.540446,-95.129233
lyon,iowa,43.3805,-96.2102,4.010567424,LEWIS FAMILY DRUG,43.430576,-96.169685
van buren,iowa,40.7532,-91.95,1.74687767,LEE PHARMACY,40.72985,-91.962857
turner,south dakota,43.3109,-97.1487,5.862089913,PARKER PHARMACY INC,43.387552,-97.098495
sweet grass,montana,45.8138,-109.941,1.553503999,PAMIDA - 690,45.834096,-109.954936
panola,mississippi,34.3639,-89.9506,3.356161638,SULLIVAN'S DRUG STORE,34.315385,-89.954243
pawnee,nebraska,40.1315,-96.2371,4.688675811,PETES PHARMACY INC,40.108965,-96.153329
cowley,kansas,37.2377,-96.8375,7.340086031,MEDICAP PHARMACY,37.241912,-96.97093
fall river,south dakota,43.2394,-103.5275,13.11269771,PAMIDA - 121,43.428105,-103.498078
madison,nebraska,41.9167,-97.6008,9.633320193,LOUDERBACK DRUG,41.828711,-97.455387
edwards,kansas,37.8876,-99.3121,5.897539647,KINSLEY DRUG COMPANY,37.922608,-99.410844
park,wyoming,44.5205,-109.5879,24.57188395,WAL-MART SUPERCENTER - 1778,44.518155,-109.088788
butler,kansas,37.7813,-96.8391,3.043303067,WALGREENS - 10721,37.824416,-96.850685
pierce,nebraska,42.2644,-97.6013,6.553770164,OSMOND PHARMACY,42.359274,-97.597306
musselshell,montana,46.4966,-108.3981,7.773080286,PAMIDA - 662,46.44267,-108.541582
stanley,south dakota,44.4123,-100.7359,18.09719622,SHANE'S PHARMACY,44.368158,-100.374347
smith,kansas,39.7852,-98.7855,0.544365592,PAMIDA - 664,39.777316,-98.785429
graham,kansas,39.3497,-99.8832,2.521147773,WISE DRUG INCORPORATED,39.367094,-99.841677
appanoose,iowa,40.7432,-92.8686,0.261796838,WAL-MART - 1621,40.745773,-92.864924
eddy,north dakota,47.7176,-98.9016,11.29828725,SEABURG DRUG INC,47.680437,-99.138382
hall,nebraska,40.8726,-98.5022,7.121007856,HY-VEE,40.917752,-98.379531
stanton,kansas,37.563,-101.7842,1.902688998,WALDRONS PHARMACY,37.569568,-101.750436
lyon,kansas,38.4562,-96.1526,3.815271457,GRAVES DRUG STORE,38.40547,-96.180564
roosevelt,montana,48.2945,-105.0164,14.78163322,NORTHEAST MONTANA HEALTH SERVICES POPLAR,48.11518,-105.191877
mcpherson,nebraska,41.5682,-101.0604,33.12042997,WESTFIELD HEALTH MART PHARMACY,41.135197,-100.785405
trego,kansas,38.9143,-99.8728,7.657748168,GIBSON HEALTH MART PHARMACY,39.024849,-99.884287
buffalo,south dakota,44.0763,-99.2048,11.66111855,FORT THOMPSON INDIAN HEALTH CENTER,44.065454,-99.439382
spink,south dakota,44.938,-98.3462,9.695949614,RANDALL PHARMACY,44.871535,-98.520854
leflore,mississippi,33.5505,-90.3011,3.946134513,FRED'S - 3665,33.495469,-90.319607
lauderdale,mississippi,32.4043,-88.6626,0.842151404,ALLIANCE HEALTH CENTER,32.409242,-88.675808
lincoln,south dakota,43.2789,-96.7218,6.791954649,HAISCH PHARMACY,43.300585,-96.589982
wallace,kansas,38.9167,-101.7636,28.88751648,WAL-MART SUPERCENTER - 2562,39.3342,-101.728531
brule,south dakota,43.7181,-99.0809,13.94540466,CASEY DRUG,43.796406,-99.338665
carbon,montana,45.2274,-109.0281,10.98670704,RED LODGE DRUG COMPANY,45.18929,-109.247384
louisa,iowa,41.2185,-91.2596,4.604204204,HY-VEE,41.182243,-91.185218
itawamba,mississippi,34.28,-88.3613,2.783791466,S & W PHARMACY INC,34.273355,-88.409425
scotts bluff,nebraska,41.8506,-103.708,2.419660059,SAFEWAY,41.854252,-103.661208
meade,south dakota,44.5668,-102.7169,33.85053353,ELLSWORTH AIR FORCE BASE - 28TH MEDICAL GROUP PHARMACY-DOD,44.147693,-103.072685
pawnee,kansas,38.1813,-99.2367,7.335693383,REED DISCOUNT PHARMACY,38.188527,-99.101845
wayne,iowa,40.7395,-93.3274,1.341742963,NESSEN PHARMACY,40.757919,-93.319223
tate,mississippi,34.6503,-89.9448,1.806663276,COMMUNITY DISCOUNT PHARMACY,34.625212,-89.953836
marion,kansas,38.3589,-97.0969,4.20276684,MARION HEALTH MART PHARMACY,38.347894,-97.020559
davis,iowa,40.7477,-92.4097,0.395584054,US TRUCARE PHARMACY,40.751895,-92.414851
jefferson,nebraska,40.1757,-97.1427,1.942188039,WAL-MART SUPERCENTER - 418,40.162695,-97.175341
edmunds,south dakota,45.4188,-99.2153,9.226999388,CRISSMAN DRUG,45.443727,-99.028212
big horn,wyoming,44.5267,-107.9952,3.518849973,PAMIDA STORES OPERATING CO LLC,44.498735,-108.054949
emmons,north dakota,46.2851,-100.2387,1.239369476,WHITE DRUG - 071,46.267689,-100.232383
benson,north dakota,48.0694,-99.366,10.60186068,"WHITE DRUG COMPANY OF JAMESTOWN, INC",47.962333,-99.530539
jackson,kansas,39.4168,-95.7937,3.797516006,WAL-MART - 378,39.460836,-95.751032
osage,kansas,38.6523,-95.7269,5.480604342,SCHROEDER REXALL DRUGS INCORPORATED,38.63442,-95.825917
jefferson,iowa,41.0318,-91.9489,1.876732981,HY-VEE,41.007165,-91.964124
teton,montana,47.8371,-112.2408,2.734473115,TETON MEDICAL CENTER,47.814231,-112.19264
jefferson,kansas,39.2358,-95.3834,8.583841913,VALLEY FALLS HEALTH MART PHARMACY,39.346357,-95.456869
thomas,nebraska,41.9137,-100.5558,53.94283526,RIGHT DRUG STORE,41.291132,-99.924571
hardin,iowa,42.3839,-93.2404,7.174654976,MEDICAP PHARMACY,42.360847,-93.103251
merrick,nebraska,41.169,-98.038,4.220538492,BALYNOR INC,41.11581,-97.998001
pontotoc,mississippi,34.2254,-89.0374,2.145059838,CVS - 7065,34.252161,-89.018311
cerro gordo,iowa,43.0816,-93.2608,4.415037862,WAL-MART SUPERCENTER - 810,43.145531,-93.262576
winneshiek,iowa,43.2907,-91.8437,2.973837241,DONLON HEALTH MART PHARMACY,43.304018,-91.787421
